{
  "name": "angular-route",
  "version": "1.5.9",
  "license": "MIT",
  "main": "./angular-route.js",
  "ignore": [],
  "dependencies": {
    "angular": "1.5.9"
  },
  "homepage": "https://github.com/angular/bower-angular-route",
  "_release": "1.5.9",
  "_resolution": {
    "type": "version",
    "tag": "v1.5.9",
    "commit": "73344d79701595b093ed8deaee0b46b9bb0d3970"
  },
  "_source": "https://github.com/angular/bower-angular-route.git",
  "_target": "*",
  "_originalSource": "angular-route"
}